{
    "title": "MobiusFlip's Extra Content",
    "description": "New and revised classes, subclasses, ancestries, and more in Foundry.",
    "version": "1.0.0",
    "compatability": {
        "minimum": "12",
        "verified": "12"
    },
    "url": "https://github.com/MobiusFlip/MobiusFlip-Extra-Content/tree/master",
    "manifest": "https://raw.githubusercontent.com/MobiusFlip/MobiusFlip-Extra-Content/master/mobiusflip-extra-content/module.json",
    "download": "https://github.com/MobiusFlip/MobiusFlip-Extra-Content/raw/main/mobiusflip-extra-content.zip",
    "id": "mobiusflip-extra-content",
    "esmodules": ["main.mjs"],
    "authors": [
        {
            "name": "MobiusFlip",
            "flags": {}
        }
    ],
    "packs": [
      {
        "name": "classes",
        "label": "Classes",
        "path": "packs/classes",
        "type": "Item",
        "ownership": {
          "PLAYER": "OBSERVER",
          "ASSISTANT": "OWNER"
        },
        "system": "dnd5e",
        "flags": {}
      },
      {
        "name": "subclasses",
        "label": "Subclasses",
        "path": "packs/subclasses",
        "type": "Item",
        "ownership": {
          "PLAYER": "OBSERVER",
          "ASSISTANT": "OWNER"
        },
        "system": "dnd5e",
        "flags": {}
      },
      {
        "name": "class-and-subclass-features",
        "label": "Class & Subclass Features",
        "path": "packs/class-and-subclass-features",
        "type": "Item",
        "ownership": {
          "PLAYER": "OBSERVER",
          "ASSISTANT": "OWNER"
        },
        "system": "dnd5e",
        "flags": {}
      },
      {
        "name": "ancestries",
        "label": "Ancestries",
        "path": "packs/ancestries",
        "type": "Item",
        "ownership": {
          "PLAYER": "OBSERVER",
          "ASSISTANT": "OWNER"
        },
        "system": "dnd5e",
        "flags": {}
      },
      {
        "name": "talents",
        "label": "Talents",
        "path": "packs/talents",
        "type": "Item",
        "ownership": {
          "PLAYER": "OBSERVER",
          "ASSISTANT": "OWNER"
        },
        "system": "dnd5e",
        "flags": {}
      },
      {
        "name": "spells",
        "label": "Spells",
        "path": "packs/spells",
        "type": "Item",
        "ownership": {
          "PLAYER": "OBSERVER",
          "ASSISTANT": "OWNER"
        },
        "system": "dnd5e",
        "flags": {}
      },
      {
        "name": "spell-lists",
        "label": "Spell Lists",
        "path": "packs/spell-lists",
        "type": "JournalEntry",
        "ownership": {
          "PLAYER": "OBSERVER",
          "ASSISTANT": "OWNER"
        },
        "system": "dnd5e",
        "flags": {}
      }
    ]
}